City_ID,City,Country,Lat,Lng,Max Temp,Humidity,Cloudiness,Wind Speed,Current Description
0,jamestown,US,42.097,-79.2353,35.01,93,90,9.22,light snow
1,albany,US,42.6001,-73.9662,37.99,67,97,14.56,overcast clouds
2,vokhtoga,RU,58.8147,41.0461,-9.45,88,41,2.84,light snow
3,santa fe,AR,-31.6333,-60.7,81.0,29,0,8.99,clear sky
4,tongren,CN,27.7172,109.1853,38.91,75,36,2.06,scattered clouds
5,ushuaia,AR,-54.8,-68.3,51.8,62,90,6.24,drizzle
6,raudeberg,NO,61.9875,5.1352,37.4,87,75,21.85,broken clouds
7,marsabit,KE,2.3284,37.9899,72.95,54,70,7.49,broken clouds
8,portland,US,45.5234,-122.6762,46.99,93,90,3.44,light intensity drizzle
9,yellowknife,CA,62.456,-114.3525,-2.0,78,90,4.61,light snow
10,hithadhoo,MV,-0.6,73.0833,81.57,71,86,4.92,overcast clouds
11,kamenka,RU,51.3223,42.7678,-2.0,86,100,4.43,overcast clouds
12,whitehorse,CA,60.7161,-135.0538,23.0,93,75,8.05,broken clouds
13,smithers,CA,54.7804,-127.1743,32.0,100,75,1.7,broken clouds
14,naze,JP,28.3667,129.4833,51.06,80,93,15.01,overcast clouds
15,rikitea,PF,-23.1203,-134.9692,78.44,77,14,14.94,few clouds
16,port elizabeth,ZA,-33.918,25.5701,69.8,73,75,8.05,broken clouds
17,victoria,HK,22.2855,114.1577,57.0,50,51,11.79,broken clouds
18,barrow,US,71.2906,-156.7887,-0.4,71,90,16.11,overcast clouds
19,arraial do cabo,BR,-22.9661,-42.0278,89.6,51,0,19.57,clear sky
20,samarai,PG,-10.6167,150.6667,82.99,80,45,13.6,scattered clouds
21,bethel,US,41.3712,-73.414,41.0,48,90,12.66,overcast clouds
22,mataura,NZ,-46.1927,168.8643,42.71,92,66,4.03,broken clouds
23,tuktoyaktuk,CA,69.4541,-133.0374,-2.2,84,90,10.36,light snow
24,anshun,CN,26.25,105.9333,33.03,91,91,2.53,overcast clouds
25,iza,UA,48.2152,23.3287,24.8,80,90,3.44,overcast clouds
26,katsuura,JP,35.1333,140.3,39.99,65,0,8.05,clear sky
27,kortkeros,RU,61.8106,51.5806,-14.8,84,20,6.71,few clouds
28,puerto leguizamo,CO,-0.1934,-74.7819,92.8,34,57,6.67,broken clouds
29,dingle,PH,10.9995,122.6711,75.34,90,100,7.81,light rain
30,yar-sale,RU,66.8333,70.8333,-12.69,89,100,15.61,light snow
31,qaanaaq,GL,77.484,-69.3632,-1.44,76,0,5.7,clear sky
32,lata,PT,40.1629,-8.3327,53.6,71,0,4.61,clear sky
33,khatanga,RU,71.9667,102.5,-24.3,81,0,13.09,clear sky
34,cidreira,BR,-30.1811,-50.2056,80.38,84,98,7.47,overcast clouds
35,tabou,CI,4.423,-7.3528,80.6,78,10,6.96,light rain
36,butaritari,KI,3.0707,172.7902,80.28,76,45,19.08,scattered clouds
37,atuona,PF,-9.8,-139.0333,78.13,77,3,15.66,clear sky
38,saint-philippe,RE,-21.3585,55.7679,82.4,78,20,5.75,few clouds
39,torbay,CA,47.6666,-52.7314,35.01,100,90,14.97,light snow
40,aden,YE,12.7794,45.0367,76.5,68,28,3.47,scattered clouds
41,puerto ayora,EC,-0.7393,-90.3518,82.4,65,75,5.75,broken clouds
42,karratha,AU,-20.7377,116.8463,89.78,54,82,7.4,broken clouds
43,elizabeth city,US,36.2946,-76.2511,48.99,57,1,12.66,clear sky
44,hermanus,ZA,-34.4187,19.2345,73.0,66,9,4.0,clear sky
45,dabat,ET,12.9842,37.765,53.56,41,55,2.24,broken clouds
46,tiznit,MA,29.5833,-9.5,59.79,44,4,4.7,clear sky
47,pimentel,PE,-6.8367,-79.9342,80.6,57,0,14.97,clear sky
48,dezful,IR,32.3811,48.4058,58.98,59,98,3.53,overcast clouds
49,otradnoye,RU,59.7775,30.8181,19.4,93,90,4.47,light snow
50,haines junction,CA,60.7522,-137.5108,17.6,86,80,2.3,broken clouds
51,busselton,AU,-33.65,115.3333,66.99,64,57,10.0,broken clouds
52,port macquarie,AU,-31.4333,152.9167,62.01,93,89,3.85,overcast clouds
53,biu,NG,10.6129,12.1946,75.25,20,65,6.4,broken clouds
54,ahipara,NZ,-35.1667,173.1667,64.08,85,16,12.03,few clouds
55,punta arenas,CL,-53.15,-70.9167,53.6,94,90,14.97,light rain
56,avarua,CK,-21.2078,-159.775,75.2,94,82,2.3,light rain
57,minab,IR,27.1467,57.0801,68.0,83,0,4.61,mist
58,labuhan,ID,-6.8844,112.2051,77.29,88,98,9.04,overcast clouds
59,chokurdakh,RU,70.6333,147.9167,-25.11,86,100,7.43,overcast clouds
60,saint-augustin,CA,51.226,-58.6502,33.8,92,100,25.68,light rain
61,pasewalk,DE,53.5063,13.99,19.0,61,0,4.0,clear sky
62,chuy,UY,-33.6971,-53.4616,74.62,62,82,10.69,broken clouds
63,pangnirtung,CA,66.1451,-65.7125,-5.8,77,40,2.3,scattered clouds
64,rondonopolis,BR,-16.4708,-54.6356,75.31,91,100,4.16,light rain
65,hilo,US,19.7297,-155.09,69.8,83,90,5.75,overcast clouds
66,banda aceh,ID,5.5577,95.3222,79.29,83,87,13.11,heavy intensity rain
67,klaksvik,FO,62.2266,-6.589,39.2,93,75,9.22,light rain
68,yatou,CN,37.15,122.3833,28.62,81,55,10.85,broken clouds
69,jardim,BR,-21.4803,-56.1381,80.17,86,99,8.5,overcast clouds
70,hofn,IS,64.2539,-15.2082,39.2,60,75,20.71,light rain
71,ribeira grande,PT,38.5167,-28.7,60.8,94,75,23.02,light rain
72,terrace,CA,54.5163,-128.6035,37.4,100,90,8.05,light rain
73,abu kamal,SY,34.4506,40.9171,58.5,38,37,14.97,scattered clouds
74,carnarvon,AU,-24.8667,113.6333,82.4,89,25,6.91,scattered clouds
75,talnakh,RU,69.4865,88.3972,-14.55,72,99,7.07,overcast clouds
76,clyde river,CA,70.4692,-68.5914,6.8,92,90,26.46,snow
77,la ronge,CA,55.1001,-105.2842,3.2,78,99,8.05,overcast clouds
78,nikolskoye,RU,59.7035,30.7861,19.4,93,90,4.47,snow
79,tasiilaq,GL,65.6145,-37.6368,21.2,79,20,8.05,fog
80,kodiak,US,57.79,-152.4072,37.4,75,1,14.97,clear sky
81,panchagarh,BD,26.3313,88.562,63.54,54,0,4.65,clear sky
82,longyearbyen,SJ,78.2186,15.6401,23.0,74,75,33.38,broken clouds
83,port-gentil,GA,-0.7193,8.7815,80.6,89,75,4.61,moderate rain
84,kasongo,CD,-4.45,26.6667,71.13,88,89,0.2,overcast clouds
85,tabuk,PH,17.4189,121.4443,67.89,91,100,11.74,overcast clouds
86,cape town,ZA,-33.9258,18.4232,75.2,53,0,18.41,clear sky
87,santa cruz cabralia,BR,-16.2781,-39.0247,84.2,61,40,9.22,scattered clouds
88,bredasdorp,ZA,-34.5322,20.0403,71.6,68,10,13.8,clear sky
89,thompson,CA,55.7435,-97.8558,-14.8,76,75,4.61,broken clouds
90,te anau,NZ,-45.4167,167.7167,44.24,83,80,5.48,broken clouds
91,georgetown,MY,5.4112,100.3354,80.6,65,20,10.36,few clouds
92,dikson,RU,73.5069,80.5464,-24.27,85,57,17.87,broken clouds
93,sitka,US,57.0531,-135.33,42.8,81,90,9.22,light rain
94,east london,ZA,-33.0153,27.9116,71.6,78,20,11.5,few clouds
95,bathsheba,BB,13.2167,-59.5167,78.8,78,75,21.85,broken clouds
96,hobart,AU,-42.8794,147.3294,61.0,59,90,12.66,overcast clouds
97,muroto,JP,33.2833,134.15,40.84,67,7,8.23,clear sky
98,bluff,NZ,-46.6,168.3333,52.48,66,65,21.45,light rain
99,leh,IN,34.1667,77.5833,17.31,61,87,1.88,overcast clouds
100,itarema,BR,-2.9248,-39.9167,86.45,60,26,16.78,scattered clouds
101,boyolangu,ID,-8.1181,111.8935,75.51,86,100,3.83,overcast clouds
102,hasaki,JP,35.7333,140.8333,34.0,86,75,5.75,broken clouds
103,excelsior springs,US,39.3392,-94.2261,39.99,75,40,11.5,scattered clouds
104,naifaru,MV,5.4444,73.3657,82.2,74,9,10.94,clear sky
105,port alfred,ZA,-33.5906,26.891,69.01,86,8,9.19,clear sky
106,saint-louis,SN,16.3333,-15.0,84.2,24,98,4.61,overcast clouds
107,ilulissat,GL,69.2167,-51.1,21.2,63,75,8.05,light snow
108,tura,IN,25.5198,90.2201,59.41,63,0,4.23,clear sky
109,manggar,ID,-2.8833,108.2667,79.21,84,100,13.94,light rain
110,saldanha,ZA,-33.0117,17.9442,78.8,47,7,14.97,clear sky
111,liverpool,GB,53.4106,-2.9779,43.0,87,0,8.05,clear sky
112,jaque,PA,7.5175,-78.1703,84.07,62,30,6.35,scattered clouds
113,peleduy,RU,59.6289,112.7406,-42.83,74,7,0.96,clear sky
114,ugoofaaru,MV,5.6667,73.0,82.2,75,23,11.56,few clouds
115,mahebourg,MU,-20.4081,57.7,80.6,83,40,11.5,scattered clouds
116,prince george,CA,53.9166,-122.753,32.0,86,75,14.97,broken clouds
117,saskylakh,RU,71.9167,114.0833,-28.64,84,66,5.99,broken clouds
118,hamilton,US,39.1834,-84.5333,36.0,87,90,8.05,light snow
119,svetlyy,RU,54.675,20.1347,10.4,79,90,4.47,overcast clouds
120,petropavlovsk-kamchatskiy,RU,53.0452,158.6483,17.6,86,90,4.47,snow
121,upernavik,GL,72.7868,-56.1549,6.8,79,2,4.38,clear sky
122,vila franca do campo,PT,37.7167,-25.4333,62.01,88,75,18.41,light rain
123,beloha,MG,-25.1667,45.05,79.93,78,62,3.96,broken clouds
124,cockburn town,TC,21.4612,-71.1419,80.6,69,40,8.05,scattered clouds
125,kieta,PG,-6.2167,155.6333,79.68,81,71,5.66,light rain
126,isangel,VU,-19.55,169.2667,79.52,83,99,5.14,overcast clouds
127,sao filipe,CV,14.8961,-24.4956,74.8,65,0,9.84,clear sky
128,hokitika,NZ,-42.7167,170.9667,54.48,73,98,14.23,light rain
129,svetlaya,RU,46.5389,138.3297,4.1,82,98,8.21,overcast clouds
130,san fernando,PH,15.0286,120.6898,77.0,69,75,4.61,broken clouds
131,brusyliv,UA,50.2845,29.5263,3.2,92,68,4.47,light snow
132,pekalongan,ID,-6.8886,109.6753,51.01,93,100,11.34,overcast clouds
133,vaini,TO,-21.2,-175.2,78.8,94,40,4.61,light rain
134,ventspils,LV,57.3894,21.5606,8.6,100,0,3.44,clear sky
135,nha trang,VN,12.25,109.1833,73.4,73,40,24.16,light rain
136,puerto quijarro,BO,-17.7833,-57.7667,83.07,83,100,6.13,moderate rain
137,cherskiy,RU,68.75,161.3,-27.85,84,100,2.37,overcast clouds
138,almaznyy,RU,48.0448,40.045,17.6,86,90,22.37,snow
139,varhaug,NO,58.6147,5.6457,35.6,87,75,14.97,light rain
140,marawi,PH,7.9986,124.2928,75.99,91,100,5.01,overcast clouds
141,balagansk,RU,54.0103,103.0544,-0.63,92,100,6.06,light snow
142,nemuro,JP,43.3236,145.575,22.39,94,98,10.76,overcast clouds
143,puerto baquerizo moreno,EC,-0.9,-89.6,80.6,83,20,8.05,few clouds
144,roblin,CA,51.23,-101.3565,6.12,93,21,2.28,few clouds
145,ulaanbaatar,MN,47.9077,106.8832,-18.4,76,0,2.24,clear sky
146,souillac,MU,-20.5167,57.5167,80.6,83,40,11.5,scattered clouds
147,jalor,IN,25.35,72.6167,60.44,67,0,0.72,clear sky
148,kapaa,US,22.0752,-159.319,73.4,88,40,6.91,scattered clouds
149,jumla,NP,29.2747,82.1838,40.93,60,0,2.24,clear sky
150,tiksi,RU,71.6872,128.8694,-19.14,88,100,8.28,overcast clouds
151,surman,LY,32.7567,12.5716,54.03,61,21,11.45,few clouds
152,geraldton,AU,-28.7667,114.6,84.2,48,90,5.75,overcast clouds
153,izyum,UA,49.2088,37.2485,9.27,93,100,7.0,snow
154,brae,GB,60.3964,-1.353,44.6,87,40,24.16,scattered clouds
155,kijang,KR,35.2442,129.2139,23.0,58,0,1.14,clear sky
156,nileshwar,IN,12.25,75.1,79.52,81,34,4.72,scattered clouds
157,yumen,CN,40.2833,97.2,19.31,74,0,15.35,clear sky
158,vilyuysk,RU,63.7553,121.6247,-37.62,82,100,3.76,overcast clouds
159,niamey,NE,13.5137,2.1098,93.2,8,100,8.05,overcast clouds
160,narsaq,GL,60.9167,-46.05,26.6,74,90,2.3,light snow
161,faanui,PF,-16.4833,-151.75,81.01,77,6,14.58,clear sky
162,bardiyah,LY,31.7561,25.0865,54.72,60,61,19.06,broken clouds
163,padang,ID,-0.9492,100.3543,77.0,94,75,2.3,heavy intensity rain
164,castro,BR,-24.7911,-50.0119,70.36,91,96,13.02,overcast clouds
165,raga,SS,8.4596,25.678,76.14,19,30,5.01,scattered clouds
166,harrai,IN,22.6167,79.2167,62.94,46,0,7.14,clear sky
167,kuantan,MY,3.8077,103.326,75.2,83,20,6.91,few clouds
168,new norfolk,AU,-42.7826,147.0587,61.0,75,100,7.0,overcast clouds
169,gizo,SB,-8.103,156.8419,83.39,76,56,10.27,broken clouds
170,ixtapa,MX,20.7,-105.2,71.6,56,20,3.91,few clouds
171,manavalakurichi,IN,8.1333,77.3,80.6,89,20,13.09,mist
172,saint anthony,US,45.0205,-93.218,21.99,93,90,3.44,mist
173,swan hill,AU,-35.3378,143.5544,56.55,52,0,6.87,clear sky
174,norman wells,CA,65.282,-126.8329,-14.8,76,75,3.44,broken clouds
175,prince rupert,CA,54.3161,-130.3201,44.6,93,90,9.22,light rain
176,ha tinh,VN,18.3333,105.9,54.84,79,100,9.01,overcast clouds
177,vigrestad,NO,58.5667,5.7,35.6,87,75,14.97,light rain
178,bengkulu,ID,-3.8004,102.2655,76.62,82,96,4.34,overcast clouds
179,leningradskiy,RU,69.3833,178.4167,-23.82,85,62,5.91,broken clouds
180,kaitangata,NZ,-46.2817,169.8464,50.0,66,71,4.0,broken clouds
181,terrace bay,CA,48.7834,-87.1,14.0,56,20,12.66,few clouds
182,ovsyanka,RU,55.9575,92.5519,23.0,74,75,17.9,snow
183,lavrentiya,RU,65.5833,-171.0,-9.76,83,97,10.98,overcast clouds
184,airai,TL,-8.9266,125.4092,61.0,100,100,1.12,light rain
185,wehr,DE,47.6298,7.9042,35.01,97,100,3.71,light snow
186,araouane,ML,18.9048,-3.5265,70.11,19,62,10.94,broken clouds
187,viedma,AR,-40.8135,-62.9967,78.01,33,0,14.74,clear sky
188,port blair,IN,11.6667,92.75,79.34,78,53,15.73,broken clouds
189,pevek,RU,69.7008,170.3133,-28.39,86,7,2.57,clear sky
190,minggang,CN,32.4586,114.0486,35.82,71,0,10.85,clear sky
191,asosa,ET,10.0667,34.5333,69.82,31,33,5.37,scattered clouds
192,marovoay,MG,-16.1,46.6333,84.2,79,20,6.91,few clouds
193,salinopolis,BR,-0.6136,-47.3561,84.61,69,33,9.17,light rain
194,sorland,NO,67.667,12.6934,35.6,80,75,8.05,broken clouds
195,hillsborough,US,37.5741,-122.3794,68.0,67,20,3.44,few clouds
196,pekan,MY,3.4836,103.3996,75.2,83,20,6.91,few clouds
197,oia,PT,40.5426,-8.5386,51.01,74,24,3.18,few clouds
198,loveland,US,40.3978,-105.075,39.99,47,100,1.01,overcast clouds
199,henties bay,NA,-22.116,14.2845,71.01,78,14,10.33,few clouds
200,esperance,AU,-33.8667,121.9,57.2,82,0,10.36,clear sky
201,mareeba,AU,-17.0,145.4333,75.2,94,40,13.8,light rain
202,la palma,US,33.8464,-118.0467,73.0,36,1,2.48,clear sky
203,shimoda,JP,34.6667,138.95,36.0,80,42,1.01,scattered clouds
204,guerrero negro,MX,27.9769,-114.0611,70.95,30,0,1.21,clear sky
205,mandera,KE,3.9366,41.867,86.7,26,78,7.4,broken clouds
206,college,US,64.8569,-147.8028,10.4,72,90,2.17,overcast clouds
207,anantapur,IN,14.6833,77.6,71.37,63,0,7.63,clear sky
208,iqaluit,CA,63.7506,-68.5145,-13.0,64,20,4.61,few clouds
209,bhikangaon,IN,21.8667,75.95,77.05,36,0,9.89,clear sky
210,bonfim,BR,3.0833,-59.95,90.81,44,15,7.81,few clouds
211,srivardhan,IN,18.0333,73.0167,76.46,65,0,4.41,clear sky
212,harper,LR,4.375,-7.7169,80.71,78,24,5.46,light rain
213,malpe,IN,13.35,74.7167,80.6,89,40,3.11,scattered clouds
214,nosy varika,MG,-20.5833,48.5333,80.58,87,92,8.81,overcast clouds
215,yeppoon,AU,-23.1333,150.7333,73.4,88,30,3.44,scattered clouds
216,montecristi,EC,-1.05,-80.6667,82.4,69,20,8.05,few clouds
217,faya,SA,18.3851,42.4509,59.0,88,0,4.61,clear sky
218,khapa,IN,21.4333,78.9667,68.0,56,0,2.3,haze
219,hovd,MN,48.0056,91.6419,0.81,81,94,0.83,overcast clouds
220,piranshahr,IR,36.701,45.1413,35.4,86,47,8.52,light snow
221,kendari,ID,-3.945,122.4989,75.09,93,100,3.91,light rain
222,colares,PT,38.7992,-9.4469,57.99,62,0,2.3,clear sky
223,grand gaube,MU,-20.0064,57.6608,81.0,79,91,10.0,overcast clouds
224,severo-kurilsk,RU,50.6789,156.125,22.3,90,94,37.58,overcast clouds
225,zyryanka,RU,65.75,150.85,-36.92,83,99,3.58,overcast clouds
226,porto seguro,BR,-16.4497,-39.0647,84.2,61,40,9.22,scattered clouds
227,molina,CL,-35.1167,-71.2833,78.8,36,0,8.05,clear sky
228,muros,ES,42.7762,-9.0603,57.0,86,68,1.01,broken clouds
229,jaumave,MX,23.4167,-99.3833,66.2,48,1,11.5,clear sky
230,sao joao da barra,BR,-21.6403,-41.0511,87.8,45,0,18.41,clear sky
231,port lincoln,AU,-34.7333,135.8667,58.68,79,67,11.88,broken clouds
232,coihaique,CL,-45.5752,-72.0662,68.0,42,75,9.22,broken clouds
233,kirakira,SB,-10.4544,161.9205,80.64,82,39,7.65,scattered clouds
234,tres arroyos,AR,-38.3739,-60.2798,68.32,56,80,17.13,broken clouds
235,eyl,SO,7.9803,49.8164,75.9,65,62,16.42,broken clouds
236,vao,NC,-22.6667,167.4833,76.6,85,100,12.01,overcast clouds
237,nioro,GM,13.35,-15.75,93.76,9,87,5.48,overcast clouds
238,lebu,CL,-37.6167,-73.65,61.88,68,0,21.41,clear sky
239,aksha,RU,50.2814,113.2867,-17.63,81,2,2.44,clear sky
240,alice springs,AU,-23.7,133.8833,59.0,47,0,3.44,clear sky
241,lasa,IT,46.6166,10.7002,32.0,74,90,8.05,overcast clouds
242,rawson,AR,-43.3002,-65.1023,67.62,50,0,12.88,clear sky
243,verkhnyaya inta,RU,65.9811,60.3094,-23.4,87,100,8.79,overcast clouds
244,las juntas,MX,19.4167,-104.7,80.6,78,40,5.75,scattered clouds
245,rocha,UY,-34.4833,-54.3333,76.14,45,49,18.54,scattered clouds
246,bambous virieux,MU,-20.3428,57.7575,81.0,83,40,11.5,scattered clouds
247,motygino,RU,58.1831,94.7592,-1.26,93,100,2.98,light snow
248,svetlogorsk,BY,52.6333,29.7333,1.71,93,100,7.31,overcast clouds
249,kudahuvadhoo,MV,2.6708,72.8944,81.93,73,24,7.02,few clouds
250,northam,GB,51.0333,-4.2167,46.0,82,91,3.0,overcast clouds
251,myitkyina,MM,25.3833,97.4,61.2,68,39,2.33,scattered clouds
252,ossora,RU,59.2353,163.0719,0.0,90,100,20.98,light snow
253,caravelas,BR,-17.7125,-39.2481,83.05,60,49,9.91,scattered clouds
254,susanville,US,40.4163,-120.653,37.4,87,1,1.79,clear sky
255,pangody,RU,65.85,74.4859,-11.04,90,100,14.14,light snow
256,sri aman,MY,1.2376,111.4621,75.2,100,100,1.59,light rain
257,general roca,AR,-39.0333,-67.5833,84.2,24,0,8.05,clear sky
258,nicolas bravo,MX,18.45,-88.9167,71.6,68,75,3.02,broken clouds
259,korla,CN,41.7597,86.1469,16.9,81,0,2.37,clear sky
260,guangyuan,CN,32.442,105.823,28.0,59,0,1.99,clear sky
261,nerchinsk,RU,51.9833,116.5833,-28.12,79,23,1.79,few clouds
262,kurilsk,RU,45.2333,147.8833,13.57,89,97,6.42,overcast clouds
263,alta floresta,BR,-9.8756,-56.0861,81.14,72,100,3.62,light rain
264,fairbanks,US,64.8378,-147.7164,10.4,85,75,1.9,broken clouds
265,kilkenny,IE,52.6542,-7.2522,43.0,86,100,6.67,overcast clouds
266,san felipe,VE,10.3399,-68.7425,82.99,55,13,8.68,few clouds
267,porterville,US,36.0652,-119.0168,63.0,62,1,3.65,clear sky
268,olafsvik,IS,64.8945,-23.7142,33.66,91,100,16.53,overcast clouds
269,paamiut,GL,61.994,-49.6678,28.71,97,100,12.46,light snow
270,quelimane,MZ,-17.8786,36.8883,81.73,84,98,5.66,light rain
271,riyadh,SA,24.6877,46.7219,69.8,43,0,6.91,clear sky
272,itoman,JP,26.1247,127.6694,59.0,63,40,16.11,scattered clouds
273,waddan,LY,29.1614,16.139,53.01,53,0,7.52,clear sky
274,maungaturoto,NZ,-36.1,174.3667,63.0,89,18,5.99,few clouds
275,bereda,ES,43.2686,-7.5406,51.01,94,93,1.01,overcast clouds
276,quisqueya,DO,18.5554,-69.4081,86.0,70,40,6.91,scattered clouds
277,seoul,KR,37.5683,126.9778,24.8,80,90,2.3,light snow
278,mahanoro,MG,-19.9,48.8,79.72,89,77,6.91,broken clouds
279,manokwari,ID,-0.8667,134.0833,78.76,77,100,5.32,overcast clouds
280,lompoc,US,34.6391,-120.4579,68.0,47,0,8.05,clear sky
281,kadoma,JP,34.7333,135.5833,34.0,53,0,4.43,clear sky
282,eureka,US,40.8021,-124.1637,48.2,100,1,3.44,clear sky
283,ponta do sol,PT,32.6667,-17.1,60.8,63,75,10.36,broken clouds
284,omsukchan,RU,62.5333,155.8,-36.76,80,100,7.38,overcast clouds
285,bar,UA,49.0772,27.6826,10.0,78,100,8.99,light snow
286,mercedes,AR,-34.6515,-59.4307,78.01,33,0,7.0,clear sky
287,alugan,PH,12.2188,125.4808,79.14,85,100,9.42,overcast clouds
288,bar harbor,US,44.3876,-68.2039,39.99,70,90,14.97,overcast clouds
289,pionki,PL,51.476,21.4499,12.99,82,100,4.7,overcast clouds
290,sarh,TD,9.1429,18.3923,87.8,25,0,4.65,clear sky
291,san patricio,US,28.017,-97.5169,69.8,46,1,9.22,clear sky
292,staunton,US,38.1496,-79.0717,42.8,60,75,11.5,broken clouds
293,pascagoula,US,30.3658,-88.5561,55.4,44,1,5.75,clear sky
294,alofi,NU,-19.0595,-169.9187,80.29,82,89,13.13,overcast clouds
295,sioux lookout,CA,50.1001,-91.917,12.2,92,90,4.61,light snow
296,hunfeld,DE,50.6797,9.7673,33.01,97,100,3.0,light snow
297,beringovskiy,RU,63.05,179.3167,-11.47,88,88,9.17,overcast clouds
298,luderitz,NA,-26.6481,15.1594,67.32,70,19,15.82,few clouds
299,iquitos,PE,-3.7481,-73.2472,91.4,55,20,11.5,few clouds
300,jalu,LY,29.0331,21.5482,53.28,66,2,8.39,clear sky
301,ouadda,CF,8.0777,22.4007,77.85,20,12,6.93,few clouds
302,nome,US,64.5011,-165.4064,6.8,72,1,9.22,clear sky
303,saint-pierre,RE,-21.3393,55.4781,82.4,78,20,5.75,few clouds
304,carballo,ES,43.213,-8.691,53.01,91,88,1.01,overcast clouds
305,ulladulla,AU,-35.35,150.4667,62.6,77,75,4.61,broken clouds
306,atambua,ID,-9.1061,124.8925,74.41,88,100,2.86,overcast clouds
307,laguna de perlas,NI,12.3429,-83.6712,82.4,78,20,4.61,few clouds
308,diu,IN,20.7141,70.9822,66.24,68,0,9.48,clear sky
309,mamontovo,RU,52.7055,81.6244,12.36,96,98,13.29,overcast clouds
310,ritchie,ZA,-29.038,24.6028,77.0,41,0,4.61,clear sky
311,oranjestad,AW,12.524,-70.027,82.4,69,40,19.57,scattered clouds
312,nakamura,JP,32.9833,132.9333,31.42,91,0,5.23,clear sky
313,kenai,US,60.5544,-151.2583,35.01,86,90,13.8,light rain
314,esna,EG,25.2934,32.554,62.6,48,0,4.61,clear sky
315,kasongo-lunda,CD,-6.4667,16.8167,74.25,75,100,1.07,overcast clouds
316,kruisfontein,ZA,-34.0033,24.7314,70.0,77,52,4.0,broken clouds
317,kaikalur,IN,16.5667,81.2,67.87,88,0,4.23,clear sky
318,asfi,MA,32.2994,-9.2372,58.53,68,36,9.53,scattered clouds
319,bosaso,SO,11.2842,49.1816,75.81,66,0,4.32,clear sky
320,bay roberts,CA,47.5999,-53.2648,36.0,100,90,14.97,light intensity drizzle
321,chicama,PE,-7.8447,-79.1469,69.8,78,0,9.22,clear sky
322,levski,BG,43.3667,25.1333,26.6,100,47,3.69,fog
323,girne,CY,35.3417,33.3167,51.8,66,40,12.66,scattered clouds
324,brodowski,BR,-20.9845,-47.6572,78.8,69,75,11.5,light rain
325,jutai,BR,-5.1833,-68.9,94.35,44,53,4.65,broken clouds
326,kahului,US,20.8947,-156.47,71.6,83,40,6.91,scattered clouds
327,russell,US,32.3502,-85.1999,51.01,40,90,5.75,overcast clouds
328,tiarei,PF,-17.5333,-149.3333,82.4,69,75,3.44,broken clouds
329,bang saphan,TH,11.2126,99.5117,72.73,87,10,1.88,clear sky
330,macapa,BR,0.0389,-51.0664,95.0,49,40,9.22,scattered clouds
331,ancud,CL,-41.8697,-73.8203,64.4,63,0,5.75,clear sky
332,jatibonico,CU,21.9419,-79.17,78.3,63,99,3.18,overcast clouds
333,bhattiprolu,IN,16.1,80.7833,68.81,85,2,3.89,clear sky
334,bowen,AU,-20.0167,148.2333,77.0,88,90,8.05,overcast clouds
335,porto empedocle,IT,37.2934,13.5264,51.8,93,40,11.5,scattered clouds
336,kiama,AU,-34.6833,150.8667,64.99,77,75,4.61,broken clouds
337,acarau,BR,-2.8856,-40.12,87.12,59,37,17.02,scattered clouds
338,angoche,MZ,-16.2325,39.9086,82.35,83,91,12.73,overcast clouds
339,santa cruz,BO,-17.8,-63.1667,68.0,100,90,17.27,heavy intensity rain
340,asau,RO,46.4333,26.4,19.4,86,90,3.44,overcast clouds
341,popondetta,PG,-8.7537,148.2534,74.25,92,95,2.89,moderate rain
342,shingu,JP,33.7333,135.9833,33.6,88,0,6.76,clear sky
343,bairiki,KI,1.3292,172.9752,78.8,89,20,9.22,few clouds
344,ambovombe,MG,-25.1667,46.0833,77.32,84,72,0.76,broken clouds
345,vanderhoof,CA,54.0166,-124.0198,32.92,92,66,8.1,broken clouds
346,baniyas,SY,35.1819,35.9487,51.8,87,40,11.5,scattered clouds
347,iskateley,RU,67.6803,53.1512,-16.98,89,1,4.65,clear sky
348,polunochnoye,RU,60.8697,60.4153,-14.69,89,78,1.52,broken clouds
349,ust-nera,RU,64.5667,143.2,-38.96,70,37,5.41,scattered clouds
350,moses lake,US,47.1301,-119.2781,35.6,93,90,5.75,mist
351,hualmay,PE,-11.0964,-77.6139,76.17,65,53,13.22,broken clouds
352,sovetskaya gavan,RU,48.9723,140.2878,-3.12,88,100,4.54,overcast clouds
353,sobolevo,RU,54.4299,31.8996,-7.17,91,0,5.75,clear sky
354,melilla,ES,35.2937,-2.9383,55.4,71,0,1.74,clear sky
355,lorengau,PG,-2.0226,147.2712,82.56,76,86,13.2,overcast clouds
356,bandar-e lengeh,IR,26.5579,54.8807,68.0,83,0,4.61,mist
357,paita,PE,-5.0892,-81.1144,86.0,54,0,13.8,clear sky
358,flin flon,CA,54.7682,-101.865,-7.6,77,75,3.44,broken clouds
359,oranjemund,NA,-28.55,16.4333,65.89,81,0,10.96,clear sky
360,aksu,CN,41.1231,80.2644,14.49,85,0,4.0,clear sky
361,stephenville,US,32.2207,-98.2023,57.2,28,1,11.5,clear sky
362,pisco,PE,-13.7,-76.2167,77.0,61,0,11.5,clear sky
363,pitimbu,BR,-7.4706,-34.8086,87.8,58,40,17.27,scattered clouds
364,diffa,NE,13.3154,12.6113,71.76,20,6,5.53,clear sky
365,minna,NG,9.6139,6.5569,85.6,14,9,1.92,clear sky
366,cambridge,CA,43.3601,-80.3127,35.01,80,90,13.8,overcast clouds
367,hobyo,SO,5.3505,48.5268,76.87,75,0,15.43,clear sky
368,kismayo,SO,-0.3582,42.5454,77.7,82,62,15.86,broken clouds
369,aberdeen,GB,57.1437,-2.0981,41.0,81,99,10.36,overcast clouds
370,hambantota,LK,6.1241,81.1185,76.98,87,91,13.18,overcast clouds
371,chara,RU,56.9064,118.2631,-39.73,65,13,0.85,few clouds
372,sao paulo de olivenca,BR,-3.3783,-68.8725,91.22,52,66,3.85,broken clouds
373,jacareacanga,BR,-6.2222,-57.7528,81.79,89,86,4.29,light rain
374,komsomolskiy,UZ,40.4272,71.7189,37.4,65,77,4.61,mist
375,mar del plata,AR,-38.0023,-57.5575,66.0,72,75,14.97,broken clouds
376,kaeo,NZ,-35.1,173.7833,60.01,94,9,3.0,clear sky
377,boali,CF,4.8005,18.1275,89.6,55,40,4.61,scattered clouds
378,mount isa,AU,-20.7333,139.5,82.4,12,21,14.97,few clouds
379,chabahar,IR,25.2919,60.643,70.54,77,0,11.39,clear sky
380,lucapa,AO,-8.4192,20.7447,68.34,95,100,3.04,light rain
381,gainesville,US,29.6516,-82.3248,55.99,54,95,1.01,overcast clouds
382,okha,RU,53.5739,142.9478,-18.45,87,45,14.09,scattered clouds
383,ipixuna,BR,-1.7625,-48.8043,86.0,70,75,8.05,light rain
384,mbini,GQ,1.574,9.6134,80.17,79,74,5.57,light rain
385,la tuque,CA,47.4334,-72.7824,26.6,93,100,10.42,overcast clouds
386,praia da vitoria,PT,38.7333,-27.0667,62.6,88,75,27.38,light rain
387,hirara,JP,24.8,125.2833,59.34,74,89,25.66,overcast clouds
388,zhigansk,RU,66.7697,123.3711,-41.03,80,100,6.71,overcast clouds
389,waipawa,NZ,-41.4122,175.5153,62.6,59,5,23.02,clear sky
390,provideniya,RU,64.3833,-173.3,-9.17,85,77,7.81,broken clouds
391,bandarbeyla,SO,9.4942,50.8122,75.61,74,73,14.74,broken clouds
392,champerico,GT,14.3,-91.9167,86.0,70,40,6.91,scattered clouds
393,mali,GN,12.079,-12.2982,95.0,10,66,9.22,broken clouds
394,margate,GB,51.3813,1.3862,42.01,80,69,1.99,broken clouds
395,hervey bay,AU,-25.2986,152.8535,75.99,83,72,3.0,broken clouds
396,nantucket,US,41.2835,-70.0995,42.8,56,20,33.38,few clouds
397,ishigaki,JP,24.3448,124.1572,59.49,74,93,26.08,overcast clouds
398,usinsk,RU,65.9939,57.5281,-24.36,86,37,8.79,scattered clouds
399,ocampo,MX,21.65,-101.5,62.08,29,98,8.28,overcast clouds
400,sola,VU,-13.8833,167.55,82.51,80,95,13.85,moderate rain
401,brownsville,US,25.9018,-97.4975,71.6,60,90,10.36,overcast clouds
402,myaundzha,RU,63.0494,147.1858,-28.8,82,100,3.2,overcast clouds
403,bundaberg,AU,-24.85,152.35,77.0,83,73,4.61,broken clouds
404,golden,US,39.7555,-105.2211,44.01,44,75,5.75,broken clouds
405,kamskiye polyany,RU,55.4307,51.4171,-5.8,84,90,8.95,snow
406,srednekolymsk,RU,67.45,153.6833,-40.67,81,45,2.68,scattered clouds
407,bikaner,IN,28.0167,73.3,59.63,38,0,7.72,clear sky
408,sistranda,NO,63.7256,8.834,26.6,80,40,21.85,scattered clouds
409,nabari,JP,34.6167,136.0833,34.0,77,14,1.01,few clouds
410,sembakung,ID,3.8167,117.25,72.07,88,100,3.42,overcast clouds
411,sayyan,YE,15.1718,44.3244,49.48,47,40,1.19,scattered clouds
412,gari,RU,59.4307,62.3497,-9.72,90,88,5.61,overcast clouds
413,vostok,RU,46.4856,135.8833,-13.31,89,76,3.91,broken clouds
414,livingston,GB,55.9029,-3.5226,42.8,93,75,18.41,light rain
415,savannah bight,HN,16.45,-85.85,81.0,78,40,3.44,scattered clouds
416,zabaykalsk,RU,49.6333,117.3167,-22.85,81,2,8.37,clear sky
417,aklavik,CA,68.2191,-135.0107,-16.6,76,75,2.3,broken clouds
418,fare,PF,-16.7,-151.0167,81.03,76,2,13.69,clear sky
419,udimskiy,RU,61.1417,45.9144,-5.19,91,81,6.87,broken clouds
420,vaitape,PF,-16.5167,-151.75,81.05,77,9,15.3,clear sky
421,tessalit,ML,20.1986,1.0114,69.31,17,81,6.82,broken clouds
422,cabo san lucas,MX,22.8909,-109.9124,78.01,40,1,2.3,clear sky
423,dong hoi,VN,17.4833,106.6,61.05,84,96,22.68,overcast clouds
424,san cristobal,VE,7.7669,-72.225,84.2,61,40,8.05,scattered clouds
425,namatanai,PG,-3.6667,152.4333,79.81,80,55,9.98,light rain
426,masallatah,LY,32.6167,14.0,51.51,69,42,18.97,scattered clouds
427,gorontalo,ID,0.5412,123.0595,75.97,86,100,1.95,overcast clouds
428,tazovskiy,RU,67.4667,78.7,-13.05,89,100,18.19,light snow
429,salym,RU,60.0625,71.4789,-2.79,92,100,4.56,overcast clouds
430,timbiqui,CO,2.7717,-77.6654,81.32,80,48,6.62,light rain
431,sambava,MG,-14.2667,50.1667,79.61,85,1,5.64,moderate rain
432,acajutla,SV,13.5928,-89.8275,80.6,50,0,5.75,clear sky
433,bonavista,CA,48.6499,-53.1147,34.0,100,100,6.91,overcast clouds
434,atar,MR,20.5169,-13.0499,75.11,15,100,14.74,overcast clouds
435,abeche,TD,13.8292,20.8324,74.08,16,12,8.77,few clouds
436,nuuk,GL,64.1835,-51.7216,23.0,74,75,17.27,snow
437,arbroath,GB,56.5632,-2.5874,42.8,87,75,12.66,broken clouds
438,prachuap khiri khan,TH,12.2167,99.75,69.26,81,32,2.33,scattered clouds
439,saint george,US,37.1041,-113.5841,39.2,45,1,1.19,clear sky
440,algeciras,ES,36.1333,-5.4505,59.0,72,90,1.14,overcast clouds
441,villarrica,PY,-25.75,-56.4333,73.38,95,100,5.17,light rain
442,sanchazi,CN,42.0817,126.6003,4.39,91,100,7.2,overcast clouds
443,calvinia,ZA,-31.4707,19.776,76.23,37,0,13.2,clear sky
444,wanxian,CN,30.8039,108.3897,41.94,74,0,3.58,clear sky
445,avera,US,33.194,-82.5271,50.0,40,1,13.8,clear sky
446,kopavogur,IS,64.1123,-21.913,33.8,86,75,13.8,light snow
447,tingo maria,PE,-9.2895,-76.0088,87.49,49,90,2.55,moderate rain
448,berlevag,NO,70.8578,29.0864,37.4,93,75,21.85,broken clouds
449,portales,US,34.1862,-103.3344,44.01,45,1,11.5,clear sky
450,zermatt,CH,46.0213,7.7491,35.6,100,90,37.98,fog
451,sao bras de alportel,PT,37.1531,-7.8875,59.0,44,0,4.61,clear sky
452,arlit,NE,18.7369,7.3853,72.93,19,100,15.48,overcast clouds
453,pryazha,RU,61.6926,33.6216,14.0,85,100,4.47,light snow
454,altamira,BR,-3.2033,-52.2064,91.4,55,75,6.91,broken clouds
455,karatau,KZ,43.1667,70.4667,31.24,91,71,1.23,broken clouds
456,panguna,PG,-6.3164,155.4848,69.19,99,60,3.02,light rain
457,kamyshla,RU,54.1169,52.1426,-5.21,91,90,3.02,overcast clouds
458,chapais,CA,49.7834,-74.8492,24.8,93,90,8.05,light snow
459,batagay,RU,67.6333,134.6333,-49.16,75,50,1.5,scattered clouds
460,urengoy,RU,65.9667,78.3667,-7.69,90,100,16.06,overcast clouds
461,evensk,RU,61.95,159.2333,-4.81,79,73,17.47,broken clouds
462,north bend,US,43.4065,-124.2243,48.99,93,1,7.56,clear sky
463,bacolod,PH,10.6667,122.95,77.61,80,100,10.29,overcast clouds
464,panaba,MX,21.2833,-88.2667,72.34,58,83,6.26,broken clouds
465,shache,CN,38.4167,77.2406,20.59,80,42,1.61,scattered clouds
466,winnemucca,US,40.973,-117.7357,33.8,75,1,2.13,clear sky
467,kuytun,RU,54.3419,101.5036,1.02,93,100,10.49,overcast clouds
468,kupang,ID,-10.1667,123.5833,78.67,82,100,1.57,light rain
469,flinders,AU,-34.5833,150.8552,62.6,77,75,4.61,broken clouds
470,tavda,RU,58.0425,65.2726,1.09,93,100,8.97,overcast clouds
471,dongsheng,CN,39.8161,109.9776,14.31,62,0,14.23,clear sky
472,luanda,AO,-8.8368,13.2343,82.4,69,20,11.5,few clouds
473,grimstad,NO,58.3405,8.5934,28.99,86,75,4.61,light snow
474,okhotsk,RU,59.3833,143.3,-18.65,75,92,19.71,overcast clouds
475,lakatoro,VU,-16.0999,167.4164,81.63,78,99,6.46,overcast clouds
476,bubaque,GW,11.2833,-15.8333,77.86,55,84,7.05,broken clouds
477,ratnagiri,IN,16.9833,73.3,77.61,71,0,7.63,clear sky
478,kalisz,PL,51.7611,18.091,1.0,88,52,2.01,broken clouds
479,lodja,CD,-3.4833,23.4333,73.49,75,54,2.17,broken clouds
480,bell ville,AR,-32.6259,-62.6887,87.08,16,0,14.7,clear sky
481,chuka,KE,-0.3332,37.6459,62.38,85,94,4.59,overcast clouds
482,gorzow wielkopolski,PL,52.7368,15.2288,17.01,65,2,5.01,clear sky
483,conceicao do mato dentro,BR,-19.0372,-43.425,77.29,63,97,5.91,overcast clouds
484,pacific grove,US,36.6177,-121.9166,64.0,55,1,11.18,clear sky
485,muli,MV,2.9167,73.5667,82.2,71,0,7.36,clear sky
486,manta,EC,-0.95,-80.7333,82.4,69,20,8.05,few clouds
487,calama,CL,-22.4667,-68.9333,69.8,35,40,20.71,scattered clouds
488,mount gambier,AU,-37.8333,140.7667,55.4,100,90,6.91,overcast clouds
489,matagami,CA,49.7502,-77.6328,12.2,85,90,14.97,light snow
490,reynosa,MX,26.0833,-98.2833,64.99,59,75,6.91,broken clouds
491,halifax,CA,44.6453,-63.5724,42.01,75,93,29.93,light rain
492,barguzin,RU,53.6167,109.6167,-23.26,72,49,5.75,scattered clouds
493,nyurba,RU,63.2842,118.3319,-33.11,83,100,6.33,overcast clouds
494,kloulklubed,PW,7.0419,134.2556,75.2,100,90,5.75,overcast clouds
495,morondava,MG,-20.2833,44.2833,84.42,76,27,8.32,scattered clouds
496,melchor de mencos,GT,17.0686,-89.1522,77.0,69,0,6.91,clear sky
497,dunmore town,BS,25.5,-76.65,71.02,61,100,8.99,overcast clouds
498,chilca,PE,-12.5211,-76.7372,78.01,68,0,13.8,clear sky
499,kuruman,ZA,-27.4524,23.4325,78.01,37,15,8.43,few clouds
500,milkovo,RU,54.7167,158.6167,6.55,94,100,5.55,snow
501,byron bay,AU,-28.65,153.6167,69.8,88,90,4.23,overcast clouds
502,coquimbo,CL,-29.9533,-71.3436,68.0,64,0,12.66,clear sky
503,pochutla,MX,15.7432,-96.4661,86.0,51,40,6.06,scattered clouds
504,aguimes,ES,27.9054,-15.4461,66.2,59,40,13.8,scattered clouds
505,moron,AR,-34.6534,-58.6198,82.99,33,0,21.85,clear sky
506,abeokuta,NG,7.15,3.35,86.0,74,40,9.22,scattered clouds
507,adigeni,GE,41.6819,42.6987,50.0,87,90,5.75,overcast clouds
508,igunga,TZ,-4.2833,33.8833,70.0,78,66,5.35,light rain
509,micheweni,TZ,-4.9667,39.8333,79.97,81,95,14.12,overcast clouds
510,morehead,US,37.2711,-87.1764,39.0,60,90,10.36,overcast clouds
511,rio gallegos,AR,-51.6226,-69.2181,55.4,82,90,19.57,light rain
512,yerbogachen,RU,61.2767,108.0108,-43.56,79,77,3.98,broken clouds
513,kaspiysk,RU,42.8816,47.6392,42.8,93,90,6.71,mist
514,marsh harbour,BS,26.5412,-77.0636,68.43,57,100,10.94,overcast clouds
515,codrington,AU,-38.2667,141.9667,58.96,79,100,10.54,overcast clouds
516,qaqortoq,GL,60.7167,-46.0333,26.6,74,90,2.3,light snow
517,fortuna,US,40.5982,-124.1573,48.2,93,1,12.66,clear sky
518,lerwick,GB,60.1545,-1.1494,44.6,87,40,24.16,scattered clouds
519,conakry,GN,9.538,-13.6773,81.37,62,13,11.68,few clouds
520,wanning,CN,18.8003,110.3967,59.18,70,63,13.6,broken clouds
521,ilhabela,BR,-23.7781,-45.3581,85.69,64,94,7.18,overcast clouds
522,vanimo,PG,-2.6741,141.3028,79.32,85,77,5.73,light rain
523,buala,SB,-8.145,159.5921,80.76,82,71,7.94,light rain
524,gat,IL,31.61,34.7642,55.99,57,64,1.01,light rain
525,gubkinskiy,RU,64.434,76.5026,-0.38,93,98,5.55,overcast clouds
526,san quintin,MX,30.4833,-115.95,70.72,31,0,1.97,clear sky
527,muborak,UZ,39.2553,65.1528,46.4,55,100,7.81,overcast clouds
528,amontada,BR,-3.3617,-39.8317,96.89,33,52,9.06,broken clouds
529,kavieng,PG,-2.5744,150.7967,83.16,74,83,17.49,broken clouds
530,port hedland,AU,-20.3167,118.5667,86.0,70,73,5.75,broken clouds
531,russkaya polyana,UA,49.417,31.9201,9.64,92,86,4.45,overcast clouds
532,palmer,US,42.1584,-72.3287,41.0,52,75,12.66,broken clouds
533,ponta delgada,PT,37.7333,-25.6667,62.01,88,75,18.41,broken clouds
534,akyab,MM,20.15,92.9,65.39,70,0,4.12,clear sky
535,balakhninskiy,RU,58.0106,114.2769,-45.15,71,34,2.55,scattered clouds
536,maniitsoq,GL,65.4167,-52.9,19.89,93,100,18.19,light snow
537,bembereke,BJ,10.2283,2.6634,80.94,14,12,4.29,few clouds
538,cumra,TR,37.5732,32.7745,28.4,80,75,13.8,light snow
539,kutoarjo,ID,-7.7169,109.9128,51.01,93,100,3.71,overcast clouds
540,grand-lahou,CI,5.1367,-5.0242,81.59,74,10,9.84,clear sky
541,buckingham,GB,51.9997,-0.9878,41.0,85,100,8.61,overcast clouds
542,dakar,SN,14.6937,-17.4441,69.8,56,0,13.8,clear sky
543,port augusta,AU,-32.5,137.7667,64.4,77,90,13.8,overcast clouds
544,kaka,TM,37.3482,59.6143,51.26,45,76,6.93,broken clouds
545,arvika,SE,59.6553,12.5852,24.8,100,90,4.61,overcast clouds
546,suntar,RU,62.1444,117.6319,-35.34,81,100,6.11,overcast clouds
547,xai-xai,MZ,-25.0519,33.6442,79.0,78,99,14.63,overcast clouds
548,vardo,NO,70.3705,31.1107,33.8,86,40,16.11,snow
549,west wendover,US,40.7391,-114.0733,28.4,86,1,1.95,clear sky
550,ahar,IR,38.4774,47.0699,33.96,86,26,8.41,scattered clouds
551,alexandria,EG,31.2156,29.9553,55.4,88,40,11.5,scattered clouds
552,makakilo city,US,21.3469,-158.0858,69.8,88,90,3.2,moderate rain
553,tombouctou,ML,20.0,-3.0,69.71,20,32,11.05,scattered clouds
554,lagoa,PT,39.05,-27.9833,61.68,91,100,26.91,light rain
555,severnyy-kospashskiy,RU,59.0925,57.8008,-7.01,73,100,1.99,overcast clouds
556,shiraz,IR,29.6036,52.5388,48.2,53,0,3.36,clear sky
557,rio grande,BR,-32.035,-52.0986,80.6,74,75,6.91,broken clouds
558,talavera de la reina,ES,39.9635,-4.8308,34.88,84,22,4.74,few clouds
559,springdale,US,36.1867,-94.1288,45.0,60,1,12.66,clear sky
560,adrar,MR,20.5022,-10.0711,69.48,20,83,13.89,broken clouds
561,skibbereen,IE,51.55,-9.2667,41.0,87,75,5.75,broken clouds
562,dunedin,NZ,-45.8742,170.5036,53.01,79,94,14.72,overcast clouds
563,puerto padre,CU,21.195,-76.6028,80.6,69,75,8.05,broken clouds
564,namangan,UZ,40.9983,71.6726,37.4,65,94,4.61,mist
565,tizimin,MX,21.15,-88.15,73.2,55,85,5.26,overcast clouds
566,axim,GH,4.8699,-2.2405,81.23,75,21,6.71,few clouds
567,horasan,TR,40.0458,42.1728,26.92,93,100,7.05,overcast clouds
568,rochegda,RU,62.8,43.25,4.32,94,98,5.1,light snow
569,safaga,EG,26.7292,33.9365,68.0,21,0,9.22,clear sky
570,boffa,GN,10.1667,-14.0333,84.36,45,70,7.18,broken clouds
571,san policarpo,PH,12.1791,125.5072,79.61,85,100,10.13,overcast clouds
572,soubre,CI,5.7856,-6.6083,86.5,48,12,2.68,few clouds
573,lamu,KE,-2.2717,40.902,80.6,78,1,9.22,clear sky
574,palmar de bravo,MX,18.8333,-97.5667,66.22,42,84,8.14,broken clouds
575,syracuse,IT,37.0881,15.2792,53.6,81,75,5.75,broken clouds
576,kailua,US,21.4022,-157.7394,71.6,83,20,4.61,few clouds
577,lincoln,US,40.8,-96.667,37.99,60,1,19.57,clear sky
578,takoradi,GH,4.8845,-1.7554,80.8,78,28,7.81,scattered clouds
579,teya,RU,60.3778,92.6267,-6.38,88,100,3.98,overcast clouds
580,road town,VG,18.4167,-64.6167,80.6,78,40,9.22,scattered clouds
581,los llanos de aridane,ES,28.6585,-17.9182,66.2,63,75,8.05,broken clouds
582,olean,US,42.0776,-78.4297,33.8,86,90,8.05,light snow
583,grand forks,US,47.9417,-97.4337,24.8,86,90,13.8,overcast clouds
584,poum,NC,-20.2333,164.0167,81.81,83,100,11.61,light rain
585,kidal,ML,18.4411,1.4078,76.66,16,98,10.18,overcast clouds
586,sao desiderio,BR,-12.3633,-44.9733,82.74,66,98,5.66,overcast clouds
587,kautokeino,NO,69.0125,23.0412,17.53,90,100,2.08,overcast clouds
588,slonim,BY,53.0867,25.3219,-2.87,91,80,5.41,broken clouds
589,otradnaya,RU,44.3933,41.5206,32.41,95,100,6.08,light snow
590,nedjo,ET,9.5046,35.5019,68.95,33,75,4.03,broken clouds
591,namibe,AO,-15.1961,12.1522,75.54,67,48,10.02,scattered clouds
592,meulaboh,ID,4.1363,96.1285,77.16,82,100,4.21,moderate rain
593,shonguy,RU,68.7526,33.146,28.4,93,75,2.24,broken clouds
594,bon accord,CA,53.8335,-113.4187,32.0,86,90,6.91,overcast clouds
595,rafai,CF,4.95,23.9167,76.86,28,5,0.22,clear sky
596,alakurtti,RU,66.9672,30.3491,12.04,95,65,3.91,broken clouds
597,santa rosa,PH,14.3122,121.1114,78.8,73,75,4.61,moderate rain
598,bukama,CD,-9.2,25.85,72.36,88,92,0.54,overcast clouds
599,mastic beach,US,40.7668,-72.8521,44.6,42,1,20.71,clear sky
600,arroyo,ES,41.6096,-4.7969,30.2,100,0,1.14,mist
601,sydney,AU,-33.8679,151.2073,70.0,77,40,6.91,scattered clouds
602,bilma,NE,18.6853,12.9164,69.15,23,65,13.04,broken clouds
603,mindelo,CV,16.8901,-24.9804,75.2,57,20,27.63,few clouds
604,mao,ES,39.8885,4.2658,51.8,71,20,4.61,few clouds
605,yola,NG,9.2,12.4833,83.97,15,50,0.69,scattered clouds
606,senanga,ZM,-16.1167,23.2667,73.22,72,100,2.82,overcast clouds
607,nguru,NG,12.8791,10.4526,76.6,15,11,8.84,few clouds
608,avdon,RU,54.6667,55.7167,-0.4,85,75,8.95,broken clouds
609,mahon,ES,39.8885,4.2658,51.8,71,20,4.61,few clouds
610,inhambane,MZ,-23.865,35.3833,78.51,89,100,6.26,overcast clouds
611,vila velha,BR,-20.3297,-40.2925,88.0,58,20,17.27,few clouds
612,acari,PE,-15.4311,-74.6158,80.37,52,66,11.41,broken clouds
613,pandan,PH,14.0453,124.1694,78.82,83,88,12.77,overcast clouds
614,phan thiet,VN,10.9333,108.1,68.68,72,55,9.78,broken clouds
615,boda,CF,4.3189,17.4695,81.9,22,87,3.51,overcast clouds
616,tezu,IN,27.9167,96.1667,62.96,47,8,3.98,clear sky
617,nikolayevka,RU,53.1257,47.2041,-7.46,89,12,3.67,few clouds
618,peniche,PT,39.3558,-9.3811,50.0,76,60,5.99,broken clouds
619,aquidauana,BR,-20.4711,-55.7872,83.05,76,100,10.42,overcast clouds
620,ranong,TH,9.9658,98.6348,74.82,80,24,7.56,few clouds
621,broome,US,42.2506,-75.833,36.0,74,90,16.11,light snow
622,saint albans,GB,51.75,-0.3333,39.99,87,40,9.22,scattered clouds
623,comodoro rivadavia,AR,-45.8667,-67.5,77.0,36,0,12.66,clear sky
624,altar,MX,30.7,-111.8167,74.01,18,0,3.98,clear sky
625,hohhot,CN,40.8106,111.6522,3.2,66,0,6.71,clear sky
626,bayan,CN,46.0833,127.4,-6.5,92,100,3.74,overcast clouds
627,shihezi,CN,44.3,86.0333,-2.88,87,0,1.5,clear sky
628,strezhevoy,RU,60.7333,77.5889,6.8,85,90,4.47,light snow
629,pemba,MZ,-12.974,40.5178,82.4,83,75,9.22,broken clouds
630,mweka,CD,-4.85,21.5667,72.61,84,96,1.01,overcast clouds
631,kashi,CN,39.4547,75.9797,21.2,73,54,6.71,broken clouds
632,raduzhnyy,RU,62.0961,77.475,-2.63,92,100,9.13,overcast clouds
633,selty,RU,57.3132,52.1345,-11.38,90,60,4.38,broken clouds
634,yulara,AU,-25.2406,130.9889,69.8,24,0,6.91,clear sky
635,bac lieu,VN,9.285,105.7244,73.53,78,48,8.03,scattered clouds
636,camacupa,AO,-12.0167,17.4833,65.73,89,84,4.27,broken clouds
637,sundsvall,SE,62.3913,17.3063,6.8,92,2,3.44,clear sky
638,broken hill,AU,-31.95,141.4333,64.4,48,70,14.97,broken clouds
639,oaxtepec,MX,18.9,-98.9667,73.4,49,75,6.91,broken clouds
640,christchurch,NZ,-43.5333,172.6333,57.0,87,20,11.5,few clouds
641,southbridge,US,42.0751,-72.0334,41.0,49,30,5.99,scattered clouds
642,tres picos,MX,15.8667,-93.5333,89.28,39,36,4.68,scattered clouds
643,nanortalik,GL,60.1432,-45.2371,29.89,96,100,3.18,overcast clouds
644,vestmannaeyjar,IS,63.4427,-20.2734,37.4,81,75,25.32,broken clouds
645,port-cartier,CA,50.0334,-66.8654,30.99,93,100,10.36,snow
646,sampit,ID,-2.5333,112.95,74.17,95,95,3.0,light rain
647,bhuban,IN,20.8833,85.8333,61.18,85,0,1.63,clear sky
648,dhidhdhoo,MV,6.8833,73.1,81.86,80,3,13.11,light rain
649,gopalganj,IN,26.4667,84.4333,57.92,63,0,1.72,clear sky
650,carauari,BR,-4.8828,-66.8958,88.61,67,24,3.74,light rain
651,laguna,US,38.421,-121.4238,55.0,93,1,3.02,mist
652,touros,BR,-5.1989,-35.4608,86.0,62,40,20.71,scattered clouds
653,fortuna foothills,US,32.6578,-114.4119,72.0,22,1,8.05,clear sky
654,saint-joseph,RE,-21.3667,55.6167,82.4,78,20,5.75,few clouds
655,buchanan,LR,5.8808,-10.0467,87.8,70,20,3.44,few clouds
656,bima,ID,-8.4667,118.7167,76.84,86,100,1.3,light rain
657,qui nhon,VN,13.7667,109.2333,70.5,79,95,25.3,light rain
658,saint-maximin-la-sainte-baume,FR,43.4521,5.8622,48.0,43,0,14.0,clear sky
659,ust-maya,RU,60.4167,134.5333,-48.14,76,100,1.59,overcast clouds
660,biak,ID,-0.9131,122.8766,76.03,86,100,6.11,light rain
661,quatre cocos,MU,-20.2078,57.7625,81.0,83,40,11.5,scattered clouds
662,cururupu,BR,-1.8283,-44.8683,88.29,57,38,7.34,scattered clouds
663,orcopampa,PE,-15.2661,-72.3417,57.81,38,71,8.32,broken clouds
664,portobelo,PA,9.55,-79.65,90.0,75,38,8.99,scattered clouds
665,tumpat,MY,6.1978,102.171,78.8,78,20,6.91,few clouds
666,juneau,US,58.3019,-134.4197,44.6,81,90,12.66,moderate rain
667,vagur,FO,61.4732,-6.8119,42.19,77,95,30.24,light rain
668,coxim,BR,-18.5067,-54.76,73.54,92,100,7.27,overcast clouds
669,pokaran,IN,26.9167,71.9167,64.27,24,0,9.66,clear sky
670,cravo norte,CO,6.3017,-70.2041,91.17,42,74,12.21,broken clouds
671,havoysund,NO,70.9963,24.6622,37.4,81,75,18.41,broken clouds
672,gama,ES,42.748,-4.2068,52.0,86,20,4.61,few clouds
673,shangqiu,CN,34.45,115.65,36.0,39,0,8.97,clear sky
